{"PARAM": {"lr": 0.0001, "step_size": 20, "gamma": 0.1, "num_epochs": 40, "batch_size": 4, "transform_train": [0.485, 0.456, 0.406], "transfrom_test": [0.229, 0.224, 0.225], "save_name": "try1", "if_eval": true}, "loss": [11991.755602627993, 7212.759812457487, 5873.875856483821, 5150.196867063176, 4633.699572936108, 4321.582634170729, 4025.1402419673373, 3757.023069207069, 3587.483334067234, 3418.368078460513, 3241.51549535045, 3124.0837162561447, 3032.9838165018737, 2920.3912392407137, 2821.1105349008612, 2749.2794600557827, 2630.4618324817407, 2559.9744174762977, 2473.6402338132816, 2399.968288886176, 2085.353298527329, 2017.1338106071726, 1989.96540079994, 1972.2892345194123, 1944.0569198888797, 1919.7659212854123, 1861.5443583835895, 1865.3374859506673, 1852.1518932076558, 1891.6861229021272, 1818.3249236371971, 1810.3600033401822, 1786.7076470650195, 1812.7754208949325, 1777.5658862585155, 1788.347001656849, 1752.3838552212985, 1727.8953766031245, 1754.348664080076, 1690.2423841995992], "test_accuracy": [0.6088, 0.6956, 0.745, 0.7684, 0.7828, 0.7924, 0.8026, 0.8198, 0.818, 0.821, 0.8224, 0.834, 0.834, 0.8426, 0.8418, 0.8406, 0.8476, 0.8382, 0.8472, 0.8524, 0.8592, 0.8552, 0.8532, 0.8582, 0.8618, 0.8608, 0.8598, 0.8604, 0.8634, 0.8626, 0.8588, 0.857, 0.8592, 0.8608, 0.8636, 0.8616, 0.866, 0.8536, 0.8604, 0.8612], "test_class_accuracy": {"0": [0.752, 0.77, 0.79, 0.838, 0.82, 0.892, 0.854, 0.844, 0.84, 0.896, 0.854, 0.856, 0.85, 0.866, 0.876, 0.866, 0.868, 0.856, 0.87, 0.86, 0.87, 0.882, 0.888, 0.884, 0.884, 0.882, 0.884, 0.894, 0.902, 0.884, 0.874, 0.888, 0.882, 0.87, 0.87, 0.896, 0.87, 0.88, 0.896, 0.882], "1": [0.71, 0.704, 0.788, 0.8, 0.844, 0.854, 0.84, 0.804, 0.856, 0.84, 0.816, 0.874, 0.888, 0.876, 0.876, 0.846, 0.85, 0.856, 0.838, 0.878, 0.856, 0.854, 0.852, 0.84, 0.854, 0.858, 0.858, 0.858, 0.872, 0.886, 0.868, 0.866, 0.872, 0.868, 0.888, 0.872, 0.876, 0.878, 0.856, 0.866], "2": [0.564, 0.782, 0.772, 0.73, 0.796, 0.78, 0.816, 0.83, 0.826, 0.814, 0.856, 0.828, 0.818, 0.826, 0.842, 0.834, 0.866, 0.844, 0.846, 0.83, 0.858, 0.86, 0.854, 0.872, 0.85, 0.858, 0.868, 0.866, 0.858, 0.864, 0.878, 0.858, 0.86, 0.87, 0.862, 0.874, 0.864, 0.858, 0.87, 0.866], "3": [0.222, 0.606, 0.548, 0.652, 0.676, 0.596, 0.762, 0.626, 0.752, 0.69, 0.744, 0.794, 0.738, 0.744, 0.746, 0.806, 0.764, 0.8, 0.806, 0.782, 0.788, 0.792, 0.786, 0.788, 0.786, 0.784, 0.798, 0.794, 0.798, 0.774, 0.788, 0.776, 0.79, 0.824, 0.794, 0.776, 0.8, 0.79, 0.82, 0.802], "4": [0.702, 0.824, 0.834, 0.838, 0.826, 0.84, 0.896, 0.874, 0.876, 0.882, 0.858, 0.888, 0.888, 0.904, 0.846, 0.888, 0.88, 0.872, 0.898, 0.894, 0.9, 0.896, 0.902, 0.896, 0.878, 0.906, 0.88, 0.896, 0.9, 0.878, 0.906, 0.89, 0.906, 0.906, 0.906, 0.886, 0.896, 0.902, 0.92, 0.878], "5": [0.474, 0.582, 0.73, 0.688, 0.754, 0.784, 0.7, 0.854, 0.83, 0.82, 0.846, 0.818, 0.818, 0.858, 0.886, 0.836, 0.856, 0.88, 0.864, 0.84, 0.852, 0.862, 0.862, 0.886, 0.87, 0.866, 0.868, 0.882, 0.862, 0.854, 0.866, 0.858, 0.874, 0.868, 0.858, 0.87, 0.878, 0.846, 0.874, 0.86], "6": [0.59, 0.486, 0.584, 0.704, 0.666, 0.746, 0.76, 0.83, 0.754, 0.766, 0.77, 0.792, 0.776, 0.818, 0.772, 0.822, 0.814, 0.838, 0.786, 0.848, 0.836, 0.838, 0.848, 0.822, 0.83, 0.82, 0.84, 0.834, 0.836, 0.85, 0.822, 0.826, 0.832, 0.85, 0.844, 0.832, 0.842, 0.846, 0.848, 0.848], "7": [0.814, 0.812, 0.858, 0.906, 0.868, 0.886, 0.852, 0.9, 0.854, 0.878, 0.902, 0.892, 0.89, 0.88, 0.862, 0.886, 0.894, 0.862, 0.878, 0.886, 0.904, 0.904, 0.892, 0.884, 0.9, 0.918, 0.898, 0.9, 0.902, 0.904, 0.902, 0.912, 0.9, 0.916, 0.912, 0.896, 0.894, 0.918, 0.902, 0.9], "8": [0.588, 0.662, 0.682, 0.726, 0.746, 0.772, 0.76, 0.732, 0.788, 0.824, 0.806, 0.774, 0.84, 0.782, 0.852, 0.834, 0.808, 0.798, 0.848, 0.834, 0.844, 0.834, 0.828, 0.834, 0.828, 0.834, 0.836, 0.834, 0.844, 0.818, 0.834, 0.848, 0.84, 0.85, 0.876, 0.85, 0.83, 0.828, 0.818, 0.832], "9": [0.706, 0.696, 0.784, 0.774, 0.816, 0.76, 0.84, 0.846, 0.846, 0.818, 0.8, 0.84, 0.802, 0.856, 0.848, 0.822, 0.844, 0.83, 0.874, 0.836, 0.86, 0.848, 0.844, 0.856, 0.86, 0.848, 0.856, 0.88, 0.874, 0.86, 0.862, 0.86, 0.87, 0.862, 0.866, 0.862, 0.846, 0.864, 0.86, 0.858]}}