{"PARAM": {"lr": 0.0001, "step_size": 5, "gamma": 0.1, "num_epochs": 25, "batch_size": 4, "transform_train": [0.485, 0.456, 0.406], "transfrom_test": [0.229, 0.224, 0.225], "save_name": "step5", "if_eval": true}, "loss": [11257.615110054612, 6841.834071968449, 5709.011682536919, 5037.636647176638, 4580.291260178667, 3971.9272813652933, 3870.1420524999558, 3776.240911571871, 3725.9838371820806, 3663.120482289254, 3631.0247138288087, 3597.212200990116, 3592.6830030934507, 3603.5036496753382, 3573.0671278360387, 3576.321414512784, 3570.4007217622384, 3578.72561920945, 3546.1647237674315, 3566.4808255496955, 3551.386369618911, 3569.3178087249034, 3579.581181699034, 3564.1267556826388, 3570.1599867601003], "time": [89.00899313400001, 89.930019799, 92.60592713900002, 87.35158633400005, 86.48642645199999, 88.22557153999992, 92.26069298099992, 90.64827036700001, 93.13068405499996, 95.75575790999983, 89.81016379500011, 89.066266305, 94.50990979500011, 96.03917766900008, 99.51422435800009, 94.92267802899983, 91.96667022199995, 92.8363811649997, 94.62729002800006, 94.19268551100004, 95.29790796999987, 93.95870077499967, 95.31702151799982, 94.08432131300015, 97.83627162699986], "test_accuracy": [0.639, 0.7056, 0.7414, 0.7704, 0.7854, 0.8072, 0.8036, 0.8074, 0.8146, 0.8072, 0.8152, 0.8152, 0.8124, 0.8148, 0.8186, 0.8142, 0.817, 0.8138, 0.8096, 0.8092, 0.8064, 0.8098, 0.8136, 0.8186, 0.8194], "test_class_accuracy": {"0": [0.804, 0.756, 0.804, 0.808, 0.884, 0.858, 0.86, 0.854, 0.862, 0.854, 0.866, 0.862, 0.864, 0.872, 0.864, 0.876, 0.862, 0.874, 0.854, 0.864, 0.854, 0.854, 0.874, 0.864, 0.848], "1": [0.802, 0.788, 0.822, 0.752, 0.868, 0.842, 0.826, 0.848, 0.834, 0.85, 0.848, 0.856, 0.852, 0.828, 0.846, 0.842, 0.864, 0.834, 0.832, 0.856, 0.832, 0.854, 0.858, 0.848, 0.85], "2": [0.68, 0.762, 0.752, 0.818, 0.754, 0.818, 0.822, 0.816, 0.82, 0.814, 0.804, 0.822, 0.804, 0.818, 0.822, 0.808, 0.832, 0.812, 0.812, 0.812, 0.818, 0.82, 0.812, 0.816, 0.822], "3": [0.248, 0.396, 0.546, 0.662, 0.734, 0.698, 0.71, 0.714, 0.726, 0.716, 0.744, 0.742, 0.73, 0.732, 0.726, 0.73, 0.736, 0.738, 0.734, 0.708, 0.694, 0.708, 0.728, 0.74, 0.738], "4": [0.808, 0.814, 0.818, 0.884, 0.826, 0.888, 0.868, 0.888, 0.88, 0.872, 0.884, 0.88, 0.866, 0.878, 0.886, 0.876, 0.864, 0.896, 0.864, 0.886, 0.888, 0.884, 0.878, 0.88, 0.882], "5": [0.678, 0.69, 0.64, 0.714, 0.66, 0.78, 0.758, 0.758, 0.796, 0.776, 0.778, 0.772, 0.764, 0.782, 0.794, 0.77, 0.798, 0.776, 0.78, 0.768, 0.762, 0.774, 0.776, 0.756, 0.792], "6": [0.454, 0.604, 0.67, 0.702, 0.746, 0.758, 0.73, 0.758, 0.768, 0.74, 0.75, 0.758, 0.77, 0.754, 0.774, 0.768, 0.756, 0.764, 0.772, 0.756, 0.75, 0.762, 0.742, 0.768, 0.768], "7": [0.784, 0.842, 0.852, 0.886, 0.834, 0.868, 0.89, 0.872, 0.88, 0.88, 0.87, 0.874, 0.88, 0.896, 0.884, 0.886, 0.866, 0.884, 0.874, 0.878, 0.876, 0.872, 0.88, 0.9, 0.89], "8": [0.476, 0.634, 0.708, 0.732, 0.746, 0.762, 0.766, 0.764, 0.774, 0.762, 0.774, 0.776, 0.776, 0.774, 0.772, 0.78, 0.768, 0.75, 0.766, 0.76, 0.774, 0.762, 0.762, 0.782, 0.786], "9": [0.656, 0.77, 0.802, 0.746, 0.802, 0.8, 0.806, 0.802, 0.806, 0.808, 0.834, 0.81, 0.818, 0.814, 0.818, 0.806, 0.824, 0.81, 0.808, 0.804, 0.816, 0.808, 0.826, 0.832, 0.818]}}