{"PARAM": {"lr": 0.001, "step_size": 20, "gamma": 0.1, "num_epochs": 25, "batch_size": 4, "transform_train": [0.485, 0.456, 0.406], "transfrom_test": [0.229, 0.224, 0.225], "save_name": "1e-3", "if_eval": true}, "loss": [11826.870379500091, 7632.9219938367605, 6424.3821589385625, 5882.444604440578, 5571.666225631539, 5360.933190299551, 5218.127773860717, 5055.225897941957, 5023.834904082103, 4917.143958174944, 4917.213818566286, 4671.952178602417, 4726.507442921089, 4668.10288154553, 4590.444601047014, 4590.981561365594, 4477.991301288217, 4567.818040415332, 4507.581738666413, 4446.147184587144, 3473.3954400760194, 3187.578098823295, 3040.910077649112, 3045.05435431399, 2968.9246753113093], "time": [88.35321714, 88.516332083, 86.77726493399999, 88.71809342699999, 87.79869863700003, 88.67319899000006, 88.30598088700003, 88.24673856200002, 88.0433899840001, 89.47032322500013, 88.78563824399998, 93.06891253000003, 92.20948203399985, 92.32111305300009, 89.22569614400004, 90.16814711899997, 92.40976999300005, 89.86365933399998, 90.71353878899981, 95.37674369600018, 90.69776204499976, 91.22890522599982, 92.1699720229999, 90.7958606760003, 91.70887063500004], "test_accuracy": [0.5508, 0.6728, 0.7164, 0.734, 0.7516, 0.7502, 0.7522, 0.7558, 0.773, 0.785, 0.7748, 0.7478, 0.7792, 0.781, 0.7758, 0.7946, 0.7878, 0.7946, 0.7812, 0.777, 0.8226, 0.8244, 0.8264, 0.824, 0.8282], "test_class_accuracy": {"0": [0.586, 0.818, 0.826, 0.822, 0.778, 0.816, 0.834, 0.752, 0.834, 0.842, 0.852, 0.668, 0.834, 0.844, 0.776, 0.862, 0.866, 0.794, 0.808, 0.818, 0.87, 0.858, 0.864, 0.846, 0.854], "1": [0.522, 0.784, 0.832, 0.764, 0.806, 0.826, 0.872, 0.814, 0.828, 0.834, 0.832, 0.778, 0.828, 0.766, 0.788, 0.846, 0.856, 0.84, 0.816, 0.852, 0.866, 0.824, 0.83, 0.83, 0.858], "2": [0.702, 0.636, 0.702, 0.724, 0.732, 0.698, 0.61, 0.812, 0.744, 0.746, 0.834, 0.812, 0.718, 0.832, 0.818, 0.872, 0.784, 0.776, 0.732, 0.754, 0.814, 0.832, 0.83, 0.84, 0.836], "3": [0.238, 0.324, 0.504, 0.522, 0.668, 0.558, 0.642, 0.644, 0.692, 0.66, 0.66, 0.66, 0.628, 0.658, 0.562, 0.68, 0.702, 0.738, 0.674, 0.724, 0.744, 0.756, 0.756, 0.754, 0.768], "4": [0.696, 0.79, 0.762, 0.818, 0.836, 0.802, 0.832, 0.798, 0.812, 0.82, 0.794, 0.858, 0.842, 0.812, 0.848, 0.776, 0.824, 0.802, 0.846, 0.836, 0.858, 0.874, 0.868, 0.874, 0.856], "5": [0.782, 0.712, 0.544, 0.704, 0.612, 0.74, 0.746, 0.732, 0.746, 0.76, 0.72, 0.786, 0.75, 0.766, 0.866, 0.742, 0.77, 0.76, 0.77, 0.73, 0.8, 0.814, 0.824, 0.806, 0.804], "6": [0.284, 0.554, 0.76, 0.7, 0.682, 0.748, 0.668, 0.72, 0.688, 0.742, 0.734, 0.634, 0.748, 0.732, 0.722, 0.782, 0.674, 0.724, 0.72, 0.718, 0.788, 0.782, 0.798, 0.768, 0.78], "7": [0.714, 0.734, 0.808, 0.806, 0.802, 0.876, 0.818, 0.814, 0.872, 0.812, 0.81, 0.756, 0.882, 0.864, 0.882, 0.862, 0.836, 0.848, 0.894, 0.802, 0.88, 0.89, 0.876, 0.88, 0.888], "8": [0.414, 0.716, 0.646, 0.698, 0.764, 0.672, 0.776, 0.754, 0.714, 0.818, 0.766, 0.792, 0.74, 0.77, 0.746, 0.786, 0.766, 0.808, 0.758, 0.764, 0.794, 0.798, 0.788, 0.798, 0.81], "9": [0.57, 0.66, 0.78, 0.782, 0.836, 0.766, 0.724, 0.718, 0.8, 0.816, 0.746, 0.734, 0.822, 0.766, 0.75, 0.738, 0.8, 0.856, 0.794, 0.772, 0.812, 0.816, 0.83, 0.844, 0.828]}}