{"PARAM": {"lr": 0.0001, "step_size": 20, "gamma": 0.1, "num_epochs": 40, "batch_size": 4, "transform_train": [0.485, 0.456, 0.406], "transfrom_test": [0.229, 0.224, 0.225], "save_name": "40w_2relu", "if_eval": true}, "loss": [10605.161297452636, 6613.540332601522, 5548.302518816374, 4939.051112838846, 4484.35570625362, 4156.27430538788, 3887.036594354555, 3672.5297499036387, 3476.0944488664045, 3351.312873413708, 3246.843967289264, 3073.4834526865434, 2951.5092977757095, 2929.2965292660065, 2804.5182880561742, 2739.9547638859203, 2657.6819065512864, 2588.2798768531684, 2535.105824551804, 2458.64801310016, 2133.372090431156, 2046.571381501829, 1960.6265534442105, 1932.3859968027314, 1915.1556724874297, 1918.020088759039, 1938.9812763455916, 1881.3909002202308, 1862.811508093037, 1801.7598697045316, 1824.9585158966213, 1826.9128418945502, 1801.4497223996439, 1780.6745330586655, 1754.9256534605788, 1709.9087268013752, 1716.6081894632837, 1688.7978865090447, 1706.3067755816596, 1724.93384728697], "test_accuracy": [0.6602, 0.728, 0.7632, 0.7766, 0.792, 0.8024, 0.8104, 0.8136, 0.8256, 0.826, 0.8292, 0.8358, 0.835, 0.8392, 0.8344, 0.8386, 0.8418, 0.8442, 0.8384, 0.8396, 0.853, 0.8524, 0.8508, 0.8536, 0.852, 0.8542, 0.8522, 0.8568, 0.856, 0.8586, 0.8534, 0.861, 0.8592, 0.8576, 0.86, 0.8572, 0.8548, 0.864, 0.857, 0.8586], "test_class_accuracy": {"0": [0.784, 0.818, 0.782, 0.844, 0.846, 0.824, 0.826, 0.808, 0.86, 0.854, 0.868, 0.874, 0.886, 0.882, 0.89, 0.898, 0.872, 0.898, 0.86, 0.844, 0.88, 0.888, 0.886, 0.896, 0.88, 0.886, 0.866, 0.868, 0.868, 0.872, 0.878, 0.902, 0.884, 0.89, 0.878, 0.884, 0.882, 0.88, 0.88, 0.874], "1": [0.738, 0.786, 0.828, 0.77, 0.87, 0.86, 0.87, 0.846, 0.874, 0.848, 0.86, 0.854, 0.826, 0.802, 0.838, 0.846, 0.88, 0.86, 0.868, 0.868, 0.876, 0.868, 0.862, 0.86, 0.854, 0.862, 0.868, 0.864, 0.864, 0.876, 0.876, 0.882, 0.874, 0.86, 0.874, 0.87, 0.876, 0.866, 0.866, 0.866], "2": [0.652, 0.748, 0.778, 0.826, 0.784, 0.792, 0.824, 0.8, 0.82, 0.852, 0.746, 0.848, 0.84, 0.85, 0.838, 0.794, 0.826, 0.82, 0.804, 0.806, 0.854, 0.844, 0.828, 0.844, 0.836, 0.848, 0.846, 0.85, 0.846, 0.852, 0.844, 0.856, 0.856, 0.852, 0.852, 0.836, 0.836, 0.868, 0.832, 0.844], "3": [0.46, 0.592, 0.612, 0.678, 0.69, 0.742, 0.676, 0.746, 0.768, 0.76, 0.704, 0.67, 0.712, 0.768, 0.756, 0.762, 0.776, 0.718, 0.79, 0.764, 0.764, 0.784, 0.806, 0.772, 0.78, 0.784, 0.77, 0.798, 0.794, 0.808, 0.772, 0.806, 0.792, 0.786, 0.802, 0.786, 0.798, 0.798, 0.78, 0.806], "4": [0.818, 0.802, 0.874, 0.844, 0.866, 0.876, 0.888, 0.862, 0.87, 0.892, 0.916, 0.872, 0.914, 0.908, 0.884, 0.87, 0.884, 0.912, 0.876, 0.878, 0.904, 0.9, 0.888, 0.902, 0.904, 0.902, 0.888, 0.906, 0.9, 0.896, 0.884, 0.906, 0.904, 0.89, 0.904, 0.904, 0.886, 0.908, 0.908, 0.904], "5": [0.552, 0.656, 0.706, 0.74, 0.758, 0.748, 0.804, 0.766, 0.788, 0.796, 0.822, 0.856, 0.816, 0.846, 0.84, 0.83, 0.82, 0.834, 0.804, 0.79, 0.82, 0.814, 0.814, 0.832, 0.82, 0.82, 0.84, 0.832, 0.834, 0.824, 0.842, 0.826, 0.844, 0.852, 0.844, 0.838, 0.84, 0.858, 0.842, 0.844], "6": [0.542, 0.58, 0.72, 0.712, 0.704, 0.76, 0.716, 0.768, 0.732, 0.79, 0.824, 0.81, 0.802, 0.814, 0.752, 0.812, 0.82, 0.802, 0.81, 0.834, 0.826, 0.82, 0.824, 0.824, 0.832, 0.828, 0.816, 0.828, 0.826, 0.82, 0.84, 0.812, 0.818, 0.848, 0.826, 0.812, 0.812, 0.83, 0.84, 0.834], "7": [0.804, 0.856, 0.87, 0.858, 0.878, 0.816, 0.87, 0.87, 0.868, 0.838, 0.876, 0.91, 0.898, 0.89, 0.9, 0.876, 0.896, 0.912, 0.876, 0.89, 0.912, 0.916, 0.9, 0.896, 0.914, 0.904, 0.898, 0.91, 0.898, 0.912, 0.886, 0.91, 0.91, 0.9, 0.898, 0.898, 0.912, 0.926, 0.908, 0.904], "8": [0.544, 0.656, 0.692, 0.708, 0.714, 0.804, 0.8, 0.824, 0.842, 0.794, 0.8, 0.816, 0.814, 0.81, 0.786, 0.846, 0.798, 0.842, 0.834, 0.87, 0.838, 0.832, 0.84, 0.862, 0.838, 0.828, 0.86, 0.842, 0.844, 0.854, 0.848, 0.844, 0.844, 0.832, 0.842, 0.856, 0.836, 0.848, 0.844, 0.846], "9": [0.708, 0.786, 0.77, 0.786, 0.81, 0.802, 0.83, 0.846, 0.834, 0.836, 0.876, 0.848, 0.842, 0.822, 0.86, 0.852, 0.846, 0.844, 0.862, 0.852, 0.856, 0.858, 0.86, 0.848, 0.862, 0.88, 0.87, 0.87, 0.886, 0.872, 0.864, 0.866, 0.866, 0.866, 0.88, 0.888, 0.87, 0.858, 0.87, 0.864]}}