{"PARAM": {"lr": 0.0001, "step_size": 20, "gamma": 0.1, "num_epochs": 50}, "loss": [11162.35572341457, 6689.317494129762, 5734.923114321195, 5065.324460196425, 4671.295589962567, 4338.350164966658, 4048.94466864437, 3847.28176219367, 3649.480636054883, 3497.030237091135, 3375.442567111946, 3253.3582558688686, 3135.4361673870535, 3042.2598240039297, 2912.3856915181004, 2808.8810313490067, 2712.1447705332157, 2639.9541542091492, 2572.8408302431935, 2470.3886749909925, 2157.649781313008, 2095.656339144567, 2078.5252439740825, 2036.0211788377937, 2044.200471781216, 2035.2521345828154, 1981.8672922441147, 2015.7645003090433, 1972.686786271558, 1948.7034330007336, 1937.2326989361081, 1929.5178954338194, 1917.5402687420496, 1908.8462811631302, 1886.6507918238412, 1906.4184229334844, 1904.438796808611, 1860.7101282355025, 1850.1425571660454, 1848.6986391605806, 1800.7036135240025, 1788.9013761998344, 1812.423411527313, 1787.6295725443322, 1791.0144941051126, 1825.787311739927, 1805.7367977967, 1786.5028405976727, 1787.183287605234, 1774.520340109414]}