{"PARAM": {"lr": 0.0001, "step_size": 20, "gamma": 0.1, "num_epochs": 40, "batch_size": 4, "transform_train": [0.485, 0.456, 0.406], "transfrom_test": [0.229, 0.224, 0.225], "if_eval": true}, "loss": [12077.439510077238, 7958.605610271916, 6322.515876861755, 5519.199721259996, 5009.984251127578, 4672.4733971233945, 4409.036947354558, 4161.6591871736455, 3943.4181706850795, 3769.727825174341, 3635.9737567819247, 3518.2086123096815, 3387.00053904533, 3238.4853681244786, 3137.085393523019, 3019.095034375847, 2940.0604715071695, 2826.8698163616573, 2765.729229775814, 2685.531379610007, 2356.9841522124752, 2295.195747877441, 2264.522080446882, 2255.3281142656224, 2232.2136908510656, 2222.0681161704993, 2212.234000334956, 2181.085002262448, 2197.9388068315516, 2164.9088599690685, 2180.793809288417, 2173.260000648237, 2125.785834577202, 2132.4426835469935, 2101.1831498015954, 2098.4327251808413, 2099.0999902261956, 2072.726038257293, 2072.760438871086, 2045.4193355889454], "test_accuracy": [0.559, 0.6824, 0.733, 0.757, 0.7798, 0.7822, 0.7862, 0.797, 0.8102, 0.8022, 0.811, 0.8198, 0.8182, 0.818, 0.8308, 0.8266, 0.8262, 0.8326, 0.828, 0.8288, 0.836, 0.8396, 0.8366, 0.84, 0.8372, 0.839, 0.8408, 0.8392, 0.837, 0.8374, 0.8386, 0.8368, 0.8374, 0.835, 0.8378, 0.8396, 0.8378, 0.8386, 0.838, 0.8388], "test_class_accuracy": {"0": [0.676, 0.71, 0.854, 0.806, 0.85, 0.814, 0.874, 0.844, 0.888, 0.824, 0.876, 0.864, 0.894, 0.874, 0.87, 0.87, 0.824, 0.858, 0.882, 0.87, 0.864, 0.87, 0.842, 0.864, 0.856, 0.862, 0.88, 0.854, 0.858, 0.864, 0.866, 0.87, 0.868, 0.87, 0.872, 0.862, 0.876, 0.866, 0.878, 0.868], "1": [0.748, 0.768, 0.712, 0.792, 0.816, 0.818, 0.736, 0.824, 0.81, 0.814, 0.83, 0.878, 0.84, 0.764, 0.818, 0.846, 0.87, 0.87, 0.858, 0.866, 0.836, 0.848, 0.852, 0.86, 0.866, 0.848, 0.858, 0.848, 0.846, 0.848, 0.858, 0.854, 0.846, 0.84, 0.846, 0.85, 0.858, 0.854, 0.852, 0.848], "2": [0.546, 0.664, 0.806, 0.746, 0.758, 0.822, 0.832, 0.804, 0.846, 0.816, 0.826, 0.822, 0.85, 0.87, 0.832, 0.836, 0.836, 0.82, 0.832, 0.848, 0.842, 0.842, 0.846, 0.844, 0.844, 0.84, 0.836, 0.834, 0.838, 0.838, 0.842, 0.836, 0.836, 0.842, 0.832, 0.836, 0.844, 0.836, 0.84, 0.836], "3": [0.236, 0.294, 0.436, 0.564, 0.666, 0.638, 0.678, 0.634, 0.692, 0.718, 0.684, 0.718, 0.664, 0.72, 0.73, 0.672, 0.672, 0.746, 0.69, 0.702, 0.712, 0.748, 0.756, 0.744, 0.724, 0.74, 0.748, 0.758, 0.758, 0.71, 0.734, 0.756, 0.708, 0.726, 0.716, 0.75, 0.736, 0.752, 0.75, 0.724], "4": [0.828, 0.812, 0.79, 0.82, 0.844, 0.814, 0.84, 0.878, 0.886, 0.85, 0.89, 0.886, 0.908, 0.892, 0.886, 0.892, 0.868, 0.884, 0.916, 0.89, 0.888, 0.884, 0.89, 0.888, 0.892, 0.888, 0.898, 0.894, 0.894, 0.896, 0.89, 0.89, 0.9, 0.894, 0.88, 0.886, 0.894, 0.894, 0.894, 0.898], "5": [0.448, 0.708, 0.788, 0.782, 0.784, 0.798, 0.704, 0.844, 0.78, 0.792, 0.802, 0.756, 0.784, 0.754, 0.842, 0.824, 0.844, 0.832, 0.818, 0.834, 0.844, 0.836, 0.826, 0.836, 0.836, 0.842, 0.834, 0.846, 0.822, 0.842, 0.836, 0.832, 0.848, 0.844, 0.836, 0.84, 0.828, 0.828, 0.812, 0.85], "6": [0.43, 0.624, 0.672, 0.676, 0.7, 0.766, 0.728, 0.79, 0.766, 0.736, 0.774, 0.812, 0.794, 0.82, 0.788, 0.832, 0.76, 0.842, 0.806, 0.768, 0.796, 0.81, 0.824, 0.81, 0.796, 0.816, 0.818, 0.804, 0.788, 0.812, 0.802, 0.796, 0.816, 0.798, 0.816, 0.806, 0.798, 0.806, 0.804, 0.824], "7": [0.71, 0.822, 0.858, 0.844, 0.858, 0.876, 0.916, 0.868, 0.874, 0.874, 0.9, 0.882, 0.9, 0.912, 0.904, 0.894, 0.906, 0.874, 0.898, 0.882, 0.914, 0.904, 0.896, 0.89, 0.898, 0.896, 0.892, 0.904, 0.9, 0.9, 0.91, 0.904, 0.91, 0.906, 0.91, 0.906, 0.904, 0.902, 0.912, 0.904], "8": [0.468, 0.632, 0.646, 0.736, 0.748, 0.704, 0.766, 0.682, 0.732, 0.792, 0.72, 0.778, 0.784, 0.802, 0.828, 0.782, 0.798, 0.774, 0.766, 0.808, 0.822, 0.814, 0.802, 0.82, 0.798, 0.814, 0.806, 0.802, 0.838, 0.81, 0.82, 0.81, 0.808, 0.822, 0.82, 0.828, 0.824, 0.816, 0.82, 0.79], "9": [0.5, 0.79, 0.768, 0.804, 0.774, 0.772, 0.788, 0.802, 0.828, 0.806, 0.808, 0.802, 0.764, 0.772, 0.81, 0.818, 0.884, 0.826, 0.814, 0.82, 0.842, 0.84, 0.832, 0.844, 0.862, 0.844, 0.838, 0.848, 0.828, 0.854, 0.828, 0.82, 0.834, 0.808, 0.85, 0.832, 0.816, 0.832, 0.818, 0.846]}}