{"PARAM": {"lr": 0.0001, "step_size": 20, "gamma": 0.2, "num_epochs": 25, "batch_size": 4, "transform_train": [0.485, 0.456, 0.406], "transfrom_test": [0.229, 0.224, 0.225], "save_name": "gamma2", "if_eval": true}, "loss": [11772.864022303373, 6776.387194146868, 5563.502967146749, 4896.568122612778, 4450.118699878077, 4171.45573938037, 3884.7688620380904, 3689.418427006698, 3517.624368422669, 3335.8198559291513, 3202.9534555845994, 3048.7224035208733, 2973.83955349879, 2868.502856464391, 2801.5596337637726, 2687.0420876305257, 2634.441266495108, 2508.7426379694816, 2459.6592913590152, 2408.769766817786, 2050.3995503685587, 1957.499845669999, 1959.4509457552815, 1904.9443874595622, 1859.9215620267512], "time": [92.847943396, 89.830474894, 95.57262258899999, 89.653791759, 83.38921174699999, 86.88814313, 91.12122632800003, 91.02048731700006, 92.40818854300005, 91.25153742900011, 91.75030706099983, 84.71601396100004, 84.27390809400003, 89.47987517900015, 86.91658910900014, 90.6764150890001, 85.72543550900014, 84.01134342199998, 83.84033904299986, 83.50346864699986, 83.45251279000013, 83.55807766999988, 84.39991452599998, 84.07904920400006, 83.75094641900023], "test_accuracy": [0.6232, 0.7142, 0.7588, 0.7742, 0.7842, 0.7938, 0.8204, 0.8164, 0.8216, 0.8294, 0.833, 0.8376, 0.8284, 0.8456, 0.8396, 0.8418, 0.8486, 0.8436, 0.841, 0.8474, 0.8536, 0.857, 0.853, 0.8544, 0.8572], "test_class_accuracy": {"0": [0.774, 0.798, 0.84, 0.792, 0.856, 0.846, 0.844, 0.868, 0.84, 0.864, 0.892, 0.868, 0.884, 0.85, 0.86, 0.838, 0.892, 0.868, 0.846, 0.868, 0.882, 0.882, 0.876, 0.862, 0.876], "1": [0.802, 0.788, 0.846, 0.806, 0.816, 0.838, 0.86, 0.816, 0.838, 0.828, 0.82, 0.872, 0.856, 0.878, 0.84, 0.876, 0.848, 0.86, 0.858, 0.872, 0.874, 0.89, 0.88, 0.884, 0.85], "2": [0.57, 0.792, 0.768, 0.83, 0.804, 0.814, 0.834, 0.854, 0.842, 0.804, 0.844, 0.854, 0.83, 0.874, 0.862, 0.866, 0.86, 0.842, 0.862, 0.886, 0.882, 0.862, 0.87, 0.892, 0.86], "3": [0.22, 0.54, 0.66, 0.65, 0.728, 0.668, 0.71, 0.704, 0.738, 0.756, 0.784, 0.76, 0.726, 0.766, 0.78, 0.73, 0.766, 0.786, 0.76, 0.76, 0.772, 0.786, 0.762, 0.786, 0.784], "4": [0.796, 0.82, 0.822, 0.858, 0.82, 0.824, 0.872, 0.878, 0.864, 0.88, 0.86, 0.876, 0.9, 0.87, 0.894, 0.906, 0.886, 0.896, 0.914, 0.87, 0.902, 0.904, 0.892, 0.882, 0.91], "5": [0.57, 0.656, 0.612, 0.814, 0.766, 0.682, 0.808, 0.802, 0.8, 0.806, 0.808, 0.81, 0.844, 0.856, 0.82, 0.85, 0.84, 0.824, 0.85, 0.832, 0.828, 0.85, 0.834, 0.818, 0.854], "6": [0.618, 0.516, 0.692, 0.656, 0.634, 0.742, 0.808, 0.828, 0.766, 0.8, 0.772, 0.822, 0.852, 0.81, 0.806, 0.798, 0.86, 0.788, 0.792, 0.818, 0.818, 0.79, 0.812, 0.812, 0.834], "7": [0.668, 0.872, 0.856, 0.848, 0.864, 0.882, 0.882, 0.882, 0.91, 0.902, 0.914, 0.87, 0.87, 0.884, 0.878, 0.872, 0.902, 0.89, 0.884, 0.896, 0.9, 0.904, 0.904, 0.89, 0.902], "8": [0.524, 0.62, 0.716, 0.678, 0.734, 0.86, 0.79, 0.734, 0.794, 0.798, 0.808, 0.804, 0.736, 0.818, 0.8, 0.816, 0.786, 0.826, 0.79, 0.846, 0.836, 0.85, 0.856, 0.874, 0.842], "9": [0.69, 0.74, 0.776, 0.81, 0.82, 0.782, 0.796, 0.798, 0.824, 0.856, 0.828, 0.84, 0.786, 0.85, 0.856, 0.866, 0.846, 0.856, 0.854, 0.826, 0.842, 0.852, 0.844, 0.844, 0.86]}}