{"PARAM": {"lr": 0.0001, "step_size": 20, "gamma": 0.1, "num_epochs": 40, "batch_size": 4, "transform_train": [0.485, 0.456, 0.406], "transfrom_test": [0.229, 0.224, 0.225], "save_name": "40w/o_relu", "if_eval": true}, "loss": [10734.24880741164, 6742.684462933335, 5786.266212017159, 5221.525920992368, 4878.208416515088, 4579.645163112436, 4384.763937292948, 4174.622580726573, 4008.3846207865863, 3879.326313816073, 3781.6626312639946, 3690.861777367354, 3533.3864981626916, 3471.535024696699, 3394.848174332593, 3324.7576157823496, 3255.1256280360876, 3214.8773613525163, 3093.8392057188958, 3034.490810455528, 2753.184276339435, 2716.1914001299556, 2625.7502841478577, 2553.4022958895525, 2524.933358181252, 2522.7401962219956, 2460.993298990959, 2456.4050212058064, 2438.76454015425, 2457.5593754595466, 2441.871313077553, 2360.5738979714397, 2351.713680208764, 2364.050104780149, 2380.3990756049743, 2327.3478752417177, 2336.017057790771, 2318.7823813477, 2279.325198390816, 2251.7855340338233], "test_accuracy": [0.6432, 0.7024, 0.749, 0.7648, 0.773, 0.7828, 0.7824, 0.7918, 0.8002, 0.7998, 0.8114, 0.8068, 0.817, 0.8126, 0.828, 0.8252, 0.8192, 0.8168, 0.8144, 0.8154, 0.8376, 0.838, 0.8348, 0.834, 0.8428, 0.8398, 0.8394, 0.836, 0.8414, 0.8418, 0.8412, 0.8386, 0.8464, 0.8406, 0.837, 0.8416, 0.8416, 0.8402, 0.8398, 0.845], "test_class_accuracy": {"0": [0.788, 0.79, 0.828, 0.83, 0.788, 0.816, 0.822, 0.844, 0.844, 0.796, 0.826, 0.86, 0.834, 0.872, 0.864, 0.846, 0.886, 0.846, 0.822, 0.812, 0.86, 0.86, 0.854, 0.85, 0.862, 0.854, 0.862, 0.856, 0.83, 0.87, 0.862, 0.866, 0.848, 0.856, 0.85, 0.848, 0.86, 0.876, 0.866, 0.88], "1": [0.726, 0.752, 0.782, 0.798, 0.858, 0.838, 0.808, 0.808, 0.832, 0.842, 0.86, 0.828, 0.844, 0.842, 0.85, 0.832, 0.788, 0.85, 0.848, 0.836, 0.84, 0.85, 0.848, 0.832, 0.852, 0.856, 0.846, 0.848, 0.854, 0.84, 0.872, 0.842, 0.844, 0.836, 0.858, 0.836, 0.866, 0.858, 0.842, 0.858], "2": [0.64, 0.746, 0.78, 0.748, 0.786, 0.822, 0.794, 0.792, 0.812, 0.816, 0.81, 0.834, 0.834, 0.796, 0.848, 0.816, 0.834, 0.822, 0.85, 0.818, 0.834, 0.848, 0.864, 0.83, 0.856, 0.838, 0.856, 0.852, 0.856, 0.866, 0.844, 0.846, 0.852, 0.858, 0.864, 0.852, 0.852, 0.822, 0.844, 0.856], "3": [0.424, 0.5, 0.588, 0.62, 0.634, 0.674, 0.614, 0.71, 0.672, 0.728, 0.7, 0.682, 0.79, 0.69, 0.742, 0.732, 0.74, 0.72, 0.734, 0.776, 0.77, 0.778, 0.754, 0.762, 0.774, 0.74, 0.774, 0.738, 0.786, 0.764, 0.754, 0.764, 0.768, 0.786, 0.756, 0.778, 0.764, 0.736, 0.762, 0.784], "4": [0.772, 0.764, 0.818, 0.838, 0.832, 0.832, 0.856, 0.858, 0.86, 0.884, 0.882, 0.872, 0.876, 0.878, 0.856, 0.872, 0.85, 0.886, 0.826, 0.85, 0.878, 0.88, 0.886, 0.886, 0.878, 0.896, 0.882, 0.888, 0.888, 0.886, 0.882, 0.878, 0.888, 0.888, 0.882, 0.876, 0.892, 0.9, 0.882, 0.88], "5": [0.538, 0.69, 0.736, 0.676, 0.71, 0.728, 0.79, 0.762, 0.772, 0.786, 0.778, 0.77, 0.758, 0.808, 0.824, 0.832, 0.798, 0.8, 0.808, 0.774, 0.83, 0.82, 0.8, 0.83, 0.838, 0.846, 0.806, 0.836, 0.816, 0.82, 0.83, 0.842, 0.838, 0.824, 0.804, 0.83, 0.82, 0.828, 0.84, 0.81], "6": [0.656, 0.624, 0.678, 0.744, 0.762, 0.73, 0.724, 0.726, 0.74, 0.732, 0.786, 0.754, 0.718, 0.792, 0.754, 0.778, 0.74, 0.74, 0.738, 0.756, 0.8, 0.796, 0.806, 0.8, 0.8, 0.794, 0.802, 0.796, 0.808, 0.804, 0.8, 0.8, 0.826, 0.8, 0.79, 0.794, 0.78, 0.81, 0.788, 0.806], "7": [0.792, 0.874, 0.842, 0.876, 0.85, 0.834, 0.862, 0.876, 0.888, 0.856, 0.872, 0.86, 0.886, 0.88, 0.932, 0.89, 0.892, 0.896, 0.872, 0.902, 0.902, 0.902, 0.884, 0.894, 0.902, 0.896, 0.904, 0.88, 0.898, 0.902, 0.898, 0.892, 0.908, 0.888, 0.888, 0.914, 0.902, 0.888, 0.898, 0.898], "8": [0.508, 0.612, 0.698, 0.732, 0.706, 0.738, 0.726, 0.78, 0.772, 0.736, 0.776, 0.778, 0.808, 0.744, 0.762, 0.81, 0.842, 0.776, 0.826, 0.796, 0.828, 0.804, 0.818, 0.81, 0.814, 0.826, 0.822, 0.828, 0.824, 0.832, 0.818, 0.826, 0.826, 0.832, 0.836, 0.84, 0.834, 0.838, 0.836, 0.85], "9": [0.588, 0.672, 0.74, 0.786, 0.804, 0.816, 0.828, 0.762, 0.81, 0.822, 0.824, 0.83, 0.822, 0.824, 0.848, 0.844, 0.822, 0.832, 0.82, 0.834, 0.834, 0.842, 0.834, 0.846, 0.852, 0.852, 0.84, 0.838, 0.854, 0.834, 0.852, 0.83, 0.866, 0.838, 0.842, 0.848, 0.846, 0.846, 0.84, 0.828]}}